{
  "warmup_weeks": 20,
  "total_weeks": 60,
  "n_required": 90,
  "n_pilot": 10,
  "pilot_mean_W": 0.4387334454348523,
  "pilot_std_W": 0.0917453684242804,
  "tcrit": 2.2621571628540993,
  "epsilon": 0.05,
  "alpha": 0.05,
  "per_rep_means": [
    0.6703765524132969,
    0.4044111836449885,
    0.3689227549288949,
    0.3797396008214796,
    0.4253174937985079,
    0.49051759084173174,
    0.36519896991113365,
    0.40785388943096235,
    0.39663834137956344,
    0.4783580771779641
  ]
}