{
  "warmup_weeks": 17,
  "total_weeks": 60,
  "n_required": 70,
  "n_pilot": 10,
  "pilot_mean_W": 0.4507666711615429,
  "pilot_std_W": 0.08289777925785147,
  "tcrit": 2.2621571628540993,
  "epsilon": 0.05,
  "alpha": 0.05,
  "per_rep_means": [
    0.6666648276416408,
    0.42316845029780265,
    0.37849526304722625,
    0.4003474589837165,
    0.44424450625776624,
    0.4657531638926591,
    0.4125360842838214,
    0.4226477619584976,
    0.401296311931759,
    0.4925128833205395
  ]
}