metric,W,AWT_e,SWT_u,SWT_e,OT
W,1.0,0.9630988507939293,-0.475160341492396,0.021095067213887857,-0.5886121558814256
AWT_e,0.9630988507939293,1.0,-0.6944494268618653,0.018928268800539678,-0.6226496819547304
SWT_u,-0.475160341492396,-0.6944494268618653,1.0,-0.005484688142864089,0.46196935183423304
SWT_e,0.021095067213887857,0.018928268800539678,-0.005484688142864089,1.0,-0.09109453827483983
OT,-0.5886121558814256,-0.6226496819547304,0.46196935183423304,-0.09109453827483983,1.0
