rule,rule_label,n_configurations,mean_W,median_W,best_W,best_configuration,mean_AWT_e,mean_SWT_u,mean_OT
2,R2 - Bailey-Welch,33,0.4834854973757575,0.4316345926,0.3867661151,"S3, N=15, R2 - Bailey-Welch",33.629680378181824,2.5497794561212124,0.9489736881303031
4,R4 - Benchmark,33,0.48372039659090904,0.4328392999,0.386560433,"S3, N=15, R4 - Benchmark",33.04446475060606,2.5832443860303034,0.978245981439394
1,R1 - FCFS,33,0.48497607001515153,0.4343912412,0.3876966841,"S3, N=15, R1 - FCFS",32.98245279848484,2.597867515969697,0.9904370523484848
3,R3 - Blocking,33,0.4894234429333334,0.4360684776,0.3899096973,"S3, N=15, R3 - Blocking",33.55907116727273,2.607003602393939,0.9802618449818183
